-- phpMyAdmin SQL Dump
-- version 4.1.14
-- http://www.phpmyadmin.net
--
-- ä¸»æ©Ÿ: 127.0.0.1
-- ç”¢ç”Ÿæ™‚é–“ï¼š 2016 å¹?05 ??15 ??10:36
-- ä¼ºæœå™¨ç‰ˆæœ¬: 5.6.17
-- PHP ç‰ˆæœ¬ï¼š 5.5.12

SET SQL_MODE = "NO_AUTO_VALUE_ON_ZERO";
SET time_zone = "+00:00";


/*!40101 SET @OLD_CHARACTER_SET_CLIENT=@@CHARACTER_SET_CLIENT */;
/*!40101 SET @OLD_CHARACTER_SET_RESULTS=@@CHARACTER_SET_RESULTS */;
/*!40101 SET @OLD_COLLATION_CONNECTION=@@COLLATION_CONNECTION */;
/*!40101 SET NAMES utf8 */;

--
-- è³‡æ–™åº«ï¼š `omt`
--

-- --------------------------------------------------------

--
-- è³‡æ–™è¡¨çµæ§‹ `omt_admin`
--

CREATE TABLE IF NOT EXISTS `omt_admin` (
  `a_id` int(11) NOT NULL AUTO_INCREMENT,
  `account` varchar(255) NOT NULL,
  `password` varchar(255) NOT NULL,
  PRIMARY KEY (`a_id`)
) ENGINE=InnoDB  DEFAULT CHARSET=utf8 AUTO_INCREMENT=2 ;

--
-- è³‡æ–™è¡¨çš„åŒ¯å‡ºè³‡æ–™ `omt_admin`
--

INSERT INTO `omt_admin` (`a_id`, `account`, `password`) VALUES
(1, 'admin', '123456');

-- --------------------------------------------------------

--
-- è³‡æ–™è¡¨çµæ§‹ `omt_discount`
--

CREATE TABLE IF NOT EXISTS `omt_discount` (
  `d_id` int(11) NOT NULL AUTO_INCREMENT,
  `type` int(10) NOT NULL,
  `type_name` varchar(10) COLLATE utf8_unicode_ci NOT NULL,
  `discount` int(11) NOT NULL,
  `m_id` int(11) NOT NULL,
  `start_date` date NOT NULL,
  `end_date` date NOT NULL,
  `enable` tinyint(4) NOT NULL,
  PRIMARY KEY (`d_id`)
) ENGINE=InnoDB  DEFAULT CHARSET=utf8 COLLATE=utf8_unicode_ci AUTO_INCREMENT=5 ;

--
-- è³‡æ–™è¡¨çš„åŒ¯å‡ºè³‡æ–™ `omt_discount`
--

INSERT INTO `omt_discount` (`d_id`, `type`, `type_name`, `discount`, `m_id`, `start_date`, `end_date`, `enable`) VALUES
(1, 1, 'é£²æ–™', 10, 12, '2015-10-20', '2015-10-30', 1),
(2, 1, 'é£²æ–™', 10, 12, '2015-10-20', '2015-10-30', 1),
(3, 1, 'é£²æ–™', 10, 12, '2015-10-20', '2015-10-30', 1),
(4, 1, 'é£²æ–™', 5, 1, '2016-04-18', '2016-04-30', 0);

-- --------------------------------------------------------

--
-- æ›¿æ›æª¢è¦–è¡¨ä»¥ä¾¿æŸ¥çœ‹ `omt_discountview`
--
CREATE TABLE IF NOT EXISTS `omt_discountview` (
`start_date` date
,`end_date` date
,`discount` int(11)
,`email` varchar(20)
,`password` varchar(20)
,`name` varchar(10)
,`birthday` date
,`phone` varchar(20)
,`cash` int(5)
,`build_date` date
,`uid` varchar(255)
,`m_id` int(11)
,`d_id` int(11)
,`enable` tinyint(4)
,`type_name` varchar(10)
);
-- --------------------------------------------------------

--
-- è³‡æ–™è¡¨çµæ§‹ `omt_food`
--

CREATE TABLE IF NOT EXISTS `omt_food` (
  `f_id` int(11) NOT NULL AUTO_INCREMENT,
  `food` varchar(20) NOT NULL,
  `type` int(11) NOT NULL,
  `type_name` varchar(100) NOT NULL,
  `price` int(11) NOT NULL,
  `size` varchar(10) NOT NULL,
  PRIMARY KEY (`f_id`)
) ENGINE=InnoDB  DEFAULT CHARSET=utf8 AUTO_INCREMENT=13 ;

--
-- è³‡æ–™è¡¨çš„åŒ¯å‡ºè³‡æ–™ `omt_food`
--

INSERT INTO `omt_food` (`f_id`, `food`, `type`, `type_name`, `price`, `size`) VALUES
(1, 'ç´…èŒ¶', 1, 'é£²æ–™', 30, 'L'),
(2, 'ç´…èŒ¶', 1, 'é£²æ–™', 20, 'M'),
(3, 'å¯æ¨‚', 1, 'é£²æ–™', 40, 'L'),
(4, 'å¯æ¨‚', 1, 'é£²æ–™', 30, 'M'),
(5, 'å’–å•¡', 1, 'é£²æ–™', 45, 'L'),
(6, 'å’–å•¡', 1, 'é£²æ–™', 35, 'M'),
(7, 'ç±³èŠ±', 2, 'é£Ÿç‰©', 60, 'L'),
(8, 'ç±³èŠ±', 2, 'é£Ÿç‰©', 50, 'M'),
(9, 'è–¯æ¢', 2, 'é£Ÿç‰©', 50, 'L'),
(10, 'è–¯æ¢', 2, 'é£Ÿç‰©', 40, 'M'),
(11, 'è–¯æ¢+å¯æ¨‚', 3, 'å¥—é¤', 70, 'L'),
(12, 'ç±³èŠ±+ç´…èŒ¶', 3, 'å¥—é¤', 70, 'L');

-- --------------------------------------------------------

--
-- è³‡æ–™è¡¨çµæ§‹ `omt_member`
--

CREATE TABLE IF NOT EXISTS `omt_member` (
  `email` varchar(20) COLLATE utf8_unicode_ci NOT NULL,
  `password` varchar(20) COLLATE utf8_unicode_ci NOT NULL,
  `name` varchar(10) COLLATE utf8_unicode_ci NOT NULL,
  `birthday` date NOT NULL,
  `phone` varchar(20) COLLATE utf8_unicode_ci NOT NULL,
  `cash` int(5) NOT NULL,
  `m_id` int(11) NOT NULL AUTO_INCREMENT,
  `build_date` date NOT NULL,
  `uid` varchar(255) COLLATE utf8_unicode_ci NOT NULL,
  PRIMARY KEY (`m_id`)
) ENGINE=InnoDB  DEFAULT CHARSET=utf8 COLLATE=utf8_unicode_ci AUTO_INCREMENT=13 ;

--
-- è³‡æ–™è¡¨çš„åŒ¯å‡ºè³‡æ–™ `omt_member`
--

INSERT INTO `omt_member` (`email`, `password`, `name`, `birthday`, `phone`, `cash`, `m_id`, `build_date`, `uid`) VALUES
('admin@aa.bb', '123456', 'ç¾…äºèŒ', '1993-10-01', '0984512657', 3920, 1, '2015-10-31', '03315CBD'),
('admin@a.a', '123456', 'å¼µé˜¿ä¿Š', '1993-12-28', '0123456', 4420, 2, '2016-03-22', '9E6BD9F6'),
('user@aa.bb', '1234567', 'è¬ä»å ¡', '1994-10-20', '091234567', 49460, 12, '2015-10-31', '0CB64345');

-- --------------------------------------------------------

--
-- è³‡æ–™è¡¨çµæ§‹ `omt_movie`
--

CREATE TABLE IF NOT EXISTS `omt_movie` (
  `mo_id` int(11) NOT NULL AUTO_INCREMENT,
  `movie_name` varchar(20) NOT NULL,
  `movie_type` varchar(20) NOT NULL,
  `synopsis` varchar(255) NOT NULL,
  `video` varchar(255) NOT NULL,
  `film_length` int(11) NOT NULL,
  `start_date` date NOT NULL,
  `end_date` date NOT NULL,
  `grade` int(11) NOT NULL,
  `film_type` int(11) NOT NULL,
  PRIMARY KEY (`mo_id`)
) ENGINE=InnoDB  DEFAULT CHARSET=utf8 AUTO_INCREMENT=8 ;

--
-- è³‡æ–™è¡¨çš„åŒ¯å‡ºè³‡æ–™ `omt_movie`
--

INSERT INTO `omt_movie` (`mo_id`, `movie_name`, `movie_type`, `synopsis`, `video`, `film_length`, `start_date`, `end_date`, `grade`, `film_type`) VALUES
(1, 'å¤šæ‹‰Aå¤¢', 'å‹•ç•«', 'æ•…äº‹æè¿°ä¸€ä½ä½åœ¨æ—¥æœ¬æ±äº¬éƒŠå¤–ï¼Œç„¡è«–è®€æ›¸ã€é«”è‚²ã€è—è¡“ï¼Œå„æ–¹é¢éƒ½æ¯”åˆ¥äººå·®çš„å°‘å¹´ - é‡æ¯”å¤§é›„ã€‚æœ‰ä¸€å¤©ï¼Œå¤§é›„çš„å­å­« ä¸–ä¿® å’Œ å“†å•¦Aå¤¢ å¾äºŒåäºŒä¸–ç´€ä¸€åŒæ­ä¹˜æ™‚å…‰æ©Ÿåˆ°ä¾†...', 'https://www.youtube.com/embed/Syzb9-NDBh4', 95, '2016-03-30', '2016-04-05', 5, 1),
(2, 'ç«å½±å¿è€…', 'å‹•ç•«', 'åœ¨å³å°‡èˆ‰è¾¦å†¬å­£æ…¶å…¸çš„æœ¨è‘‰å¿è€…æ‘ä¸­ï¼Œé››ç”°æ‚„æ‚„ç¹”äº†ä¸€æ¢æ»¿æ˜¯è‡ªå·±å¿ƒæ„çš„åœå·¾ï¼Œå»è‹¦ç„¡æ©Ÿæœƒè®“å°æ–¹çŸ¥é“å¥¹çš„å¿ƒæ„ï¼Œä¸ç”±è‡ªä¸»å¾—é–‹å§‹è¨å­èµ·é€™æ¨£çš„è‡ªå·±...', 'https://www.youtube.com/embed/yIIqFjs3ooE', 112, '2016-03-30', '2016-04-09', 18, 1),
(3, 'å¾©ä»‡è€…è¯ç›Ÿ', 'å‹•ä½œ', 'ç¾åœ‹éšŠé•·è‡ªå†°ç„ä¸­ç”¦é†’ï¼Œè€Œé‚ªæƒ¡å‹¢åŠ›ä¹Ÿæ‚„æ‚„é›†çµï¼ŒåŠ›é‡é¾å¤§åˆ°æ¥µç‚ºé©šäººçš„åœ°æ­¥ï¼Œå·²éå–®ä¸€è¶…ç´šè‹±é›„å°±èƒ½è§£æ±ºã€‚ç‚ºäº†ä¿è­·åœ°çƒçš„å®‰å±...', 'https://www.youtube.com/embed/k1cbhqBcL-E', 142, '2016-03-29', '2016-04-22', 0, 1),
(4, 'ä¾å„¸ç´€å…¬åœ’', 'å†’éšªã€åŠ‡æƒ…', 'ä½ å¯ä»¥æƒ³åƒæé¾çš„é•·ç›¸ã€å‹•ä½œå’Œå«è²ï¼Œè€Œä¸æƒ³åˆ°ã€Šä¾ç¾…ç´€å…¬åœ’ã€‹å—ï¼Ÿå®ƒä¸åªæ˜¯ä¸€éƒ¨é›»å½±ï¼Œæ›´æ˜¯æˆ‘å€‘æ‰€æœ‰äººå…±åŒçš„è¨˜æ†¶...', 'https://www.youtube.com/embed/NVoIIT6MC9o', 125, '2016-03-28', '2016-04-08', 0, 1),
(5, 'éœ²è¥¿', 'å‹•ä½œã€åŠ‡æƒ…', 'æè¿°ä¸€åä½åœ¨å°ç£çš„å¹´è¼•å¥³å­éœ²è¥¿ï¼Œè¢«è¿«å¹«é»‘å¹«ç‹è€å¤§å·¥ä½œï¼Œæˆç‚ºé‹æ¯’å·¥å…·ã€‚ä½†å¥¹æŸæ¬¡ç„¡æ„ä¸­å¸å…¥å¤§é‡çš„å¯¦é©—è—¥ç‰©ï¼Œåè€Œå¼·åŒ–äº†å¥¹çš„è…¦éƒ¨åŠŸèƒ½ï¼Œè®“å¥¹æ“æœ‰è¶…ä¹å¸¸äººçš„æ„ŸçŸ¥åŠ›ã€‚', 'https://www.youtube.com/embed/IhmMFyuInq4', 90, '2016-03-18', '2016-04-07', 4, 1),
(6, 'å¿è€…é¾œ', 'å–œåŠ‡ã€å†’éšª', 'çŠ¯ç½ªã€æš´åŠ›åŠææ‡¼ï¼Œå·²ç¶“å¤±æ§ï¼Œæ–°çš„è‹±é›„å³å°‡å´›èµ·ã€‚\r\nåœ¨æ›¼å“ˆé “çš„ä¸‹æ°´é“ä½è‘—å››éš»æ¥å—åš´æ ¼è¨“ç·´çš„å¿è€…é¾œï¼Œåˆ†åˆ¥æ˜¯é”æ–‡è¥¿ã€æ‹‰æ–çˆ¾ã€ç±³é–‹æœ—åŸºç¾…å’Œå¤šç´å¤ªç¾…ä»¥åŠä»–å€‘çš„å¸«çˆ¶å²æ—ç‰¹ï¼Œå°‡è¯æ‰‹å°æŠ—é‚ªæƒ¡å‹¢åŠ›...', 'https://www.youtube.com/embed/-qUmWQY5Zk0', 101, '2016-04-22', '2016-05-11', 0, 1);

-- --------------------------------------------------------

--
-- è³‡æ–™è¡¨çµæ§‹ `omt_moviegrade`
--

CREATE TABLE IF NOT EXISTS `omt_moviegrade` (
  `mg_id` int(11) NOT NULL AUTO_INCREMENT,
  `m_id` int(11) NOT NULL,
  `mo_id` int(11) NOT NULL,
  `grade` int(100) DEFAULT NULL,
  `grade_date` date NOT NULL,
  PRIMARY KEY (`mg_id`)
) ENGINE=InnoDB  DEFAULT CHARSET=utf8 AUTO_INCREMENT=26 ;

--
-- è³‡æ–™è¡¨çš„åŒ¯å‡ºè³‡æ–™ `omt_moviegrade`
--

INSERT INTO `omt_moviegrade` (`mg_id`, `m_id`, `mo_id`, `grade`, `grade_date`) VALUES
(0, 1, 1, 0, '2016-05-10'),
(1, 1, 2, 1, '2016-05-10'),
(2, 1, 3, 5, '2016-05-10'),
(3, 1, 4, 4, '2016-05-10'),
(4, 1, 5, 5, '2016-05-10'),
(5, 1, 6, NULL, '0000-00-00'),
(6, 2, 1, 1, '2016-05-10'),
(7, 2, 2, 5, '2016-05-10'),
(8, 2, 3, 1, '2016-05-10'),
(9, 2, 4, NULL, '0000-00-00'),
(10, 2, 5, 2, '2016-05-10'),
(11, 2, 6, NULL, '0000-00-00'),
(12, 12, 1, 1, '2016-05-10'),
(13, 12, 2, NULL, '0000-00-00'),
(14, 12, 3, NULL, '0000-00-00'),
(15, 12, 4, NULL, '0000-00-00'),
(16, 12, 5, 2, '2016-05-10'),
(17, 12, 6, NULL, '0000-00-00'),
(22, 2, 2, 0, '2016-05-14'),
(23, 3, 7, 0, '2016-05-15'),
(24, 1, 7, 3, '2016-05-15'),
(25, 3, 5, 5, '2016-05-15');

-- --------------------------------------------------------

--
-- æ›¿æ›æª¢è¦–è¡¨ä»¥ä¾¿æŸ¥çœ‹ `omt_moviegradeview`
--
CREATE TABLE IF NOT EXISTS `omt_moviegradeview` (
`mg_id` int(11)
,`m_id` int(11)
,`mo_id` int(11)
,`grade` int(100)
,`movie_name` varchar(20)
,`movie_type` varchar(20)
,`synopsis` varchar(255)
,`video` varchar(255)
,`film_length` int(11)
,`start_date` date
,`end_date` date
,`film_type` int(11)
,`email` varchar(20)
,`password` varchar(20)
,`name` varchar(10)
,`birthday` date
,`phone` varchar(20)
,`cash` int(5)
,`build_date` date
,`uid` varchar(255)
,`grade_date` date
);
-- --------------------------------------------------------

--
-- è³‡æ–™è¡¨çµæ§‹ `omt_news`
--

CREATE TABLE IF NOT EXISTS `omt_news` (
  `n_id` int(11) NOT NULL AUTO_INCREMENT,
  `title` varchar(100) CHARACTER SET utf8 COLLATE utf8_unicode_ci NOT NULL,
  `content` varchar(255) CHARACTER SET utf8 COLLATE utf8_unicode_ci NOT NULL,
  `date` date NOT NULL,
  PRIMARY KEY (`n_id`)
) ENGINE=InnoDB  DEFAULT CHARSET=latin1 AUTO_INCREMENT=9 ;

--
-- è³‡æ–™è¡¨çš„åŒ¯å‡ºè³‡æ–™ `omt_news`
--

INSERT INTO `omt_news` (`n_id`, `title`, `content`, `date`) VALUES
(0, ' 103-2æš‘æœŸå¤šç›Šè‹±èªè­‰ç…§ç­å¯†é›†è¨“ç·´èª²ç¨‹', 'http://www.nutc.edu.tw/bin/index.php?Plugin=o_nutc', '2015-06-06'),
(1, 'ç¶­è­·å…¬å‘Š(å·²é–‹å•Ÿ)6/3(ä¸‰)10:00~13:00å…¨ä¼ºæœå™¨ä¾‹è¡Œç¶­è­·å…¬å‘Š20', 'http://www.nutc.edu.tw/bin/index.php?Plugin=o_nutc', '2015-06-02'),
(2, '103å­¸å¹´åº¦æ—¥é–“éƒ¨æ‡‰å±†ç•¢æ¥­ç”Ÿé ˜å–å­¸ä½è­‰æ›¸æ™‚ç¨‹è¡¨', 'http://www.nutc.edu.tw/bin/index.php?Plugin=o_nutc', '2015-06-03'),
(3, '103å­¸å¹´åº¦æ—¥é–“éƒ¨æ‡‰å±†ç•¢æ¥­ç”Ÿé ˜å–å­¸ä½è­‰æ›¸æ™‚ç¨‹è¡¨', 'http://www.nutc.edu.tw/bin/index.php?Plugin=o_nutc', '2015-06-04'),
(4, '[HD] No Game No Life - Opening [ Full ]', 'https://www.youtube.com/watch?v=6lQF5JlZOno', '2015-06-07'),
(5, 'ç½ªæƒ¡ç‹å† ', 'https://www.youtube.com/watch?v=wUqDGkpRVkM', '2015-06-06'),
(6, 'ç¶­è­·å…¬å‘Š(å·²é–‹å•Ÿ)6/3(ä¸‰)10:00~13:00å…¨ä¼ºæœå™¨ä¾‹è¡Œç¶­è­·å…¬å‘Š2015-06-02 ç¶­è­·å…¬å‘Š(å·²é–‹å•Ÿ)5/29(äº”)10:10-11:10å…¨ä¼ºæœå™¨è‡¨æ™‚ç¶­è­·å…¬å‘Š2015-05-29 ç¶­è­·å…¬å‘Š(', 'http://www.nutc.edu.tw/bin/home.php', '2015-06-01'),
(7, 'Destroy a PHP Session', 'http://www.w3schools.com/php/php_sessions.asp', '2015-06-07'),
(8, 'å·´å“ˆå§†ç‰¹', 'http://www.gamer.com.tw/', '2015-06-08');

-- --------------------------------------------------------

--
-- è³‡æ–™è¡¨çµæ§‹ `omt_orderfood`
--

CREATE TABLE IF NOT EXISTS `omt_orderfood` (
  `of_id` int(11) NOT NULL AUTO_INCREMENT,
  `food_name` varchar(100) NOT NULL,
  `food_quantity` int(11) NOT NULL,
  `food_cost` int(11) NOT NULL,
  `food_orderdate` date NOT NULL,
  `food_size` varchar(11) NOT NULL,
  `ot_id` int(11) NOT NULL,
  `f_id` int(11) NOT NULL,
  `discount_money` int(5) NOT NULL,
  PRIMARY KEY (`of_id`)
) ENGINE=InnoDB  DEFAULT CHARSET=utf8 AUTO_INCREMENT=29 ;

--
-- è³‡æ–™è¡¨çš„åŒ¯å‡ºè³‡æ–™ `omt_orderfood`
--

INSERT INTO `omt_orderfood` (`of_id`, `food_name`, `food_quantity`, `food_cost`, `food_orderdate`, `food_size`, `ot_id`, `f_id`, `discount_money`) VALUES
(2, 'ç±³èŠ±', 10, 100, '2016-03-31', 'L', 9, 7, 0),
(8, 'ç±³èŠ±', 1, 60, '2016-04-13', 'L', 8, 7, 0),
(9, 'ç±³èŠ±', 1, 60, '2016-04-13', 'L', 8, 7, 0),
(10, 'ç±³èŠ±', 1, 60, '2016-04-13', 'L', 8, 7, 0),
(12, 'ç´…èŒ¶', 1, 20, '2016-04-19', 'M', 8, 2, 0),
(13, 'ç´…èŒ¶', 2, 40, '2016-04-19', 'M', 10, 2, 0),
(14, 'è–¯æ¢+å¯æ¨‚', 2, 140, '2016-05-10', 'L', 10, 11, 0),
(15, 'è–¯æ¢+å¯æ¨‚', 2, 140, '2016-04-26', 'L', 8, 11, 0),
(16, 'ç´…èŒ¶', 2, 60, '2016-04-26', 'L', 25, 1, 0),
(17, 'ç±³èŠ±', 2, 120, '2016-04-26', 'L', 24, 7, 0),
(18, 'ç´…èŒ¶', 3, 40, '2016-04-26', 'M', 24, 2, 0),
(19, '', 1, 1, '2016-05-11', '', 24, 2, 0),
(20, '', 2, 40, '0000-00-00', '', 24, 2, 0),
(21, '', 1, 1, '0000-00-00', '', 24, 1, 0),
(22, '', 1, 1, '2016-05-14', '', 24, 1, 0),
(23, '', 2, 0, '2016-05-14', '', 2, 2, 0),
(24, '', 2, 0, '2016-05-14', '', 24, 2, 0),
(25, '', 22, 2, '2016-05-14', '', 24, 2, 0),
(26, '', 2, 2, '2016-05-14', '', 24, 2, 0),
(27, '', 2, 2, '2016-05-14', '', 24, 2, 0),
(28, '', 2, 2, '2016-05-14', '', 24, 2, 0);

-- --------------------------------------------------------

--
-- æ›¿æ›æª¢è¦–è¡¨ä»¥ä¾¿æŸ¥çœ‹ `omt_orderfoodview`
--
CREATE TABLE IF NOT EXISTS `omt_orderfoodview` (
`of_id` int(11)
,`food_name` varchar(100)
,`food_quantity` int(11)
,`food_cost` int(11)
,`food_orderdate` date
,`food_size` varchar(11)
,`ot_id` int(11)
,`s_id` int(11)
,`seat` varchar(100)
,`quantity` int(11)
,`enable` tinyint(4)
,`m_id` int(11)
,`cost` int(11)
,`order_date` date
,`email` varchar(20)
,`password` varchar(20)
,`name` varchar(10)
,`birthday` date
,`phone` varchar(20)
,`cash` int(5)
,`build_date` date
,`uid` varchar(255)
,`t_id` int(11)
,`time` time
,`mo_id` int(11)
,`date` date
,`hall` varchar(20)
,`theater_name` varchar(20)
,`address` varchar(255)
,`description` varchar(255)
,`movie_name` varchar(20)
,`movie_type` varchar(20)
,`synopsis` varchar(255)
,`video` varchar(255)
,`film_length` int(11)
,`start_date` date
,`end_date` date
,`grade` int(11)
,`film_type` int(11)
,`f_id` int(11)
,`food` varchar(20)
,`type` int(11)
,`price` int(11)
,`size` varchar(10)
,`type_name` varchar(100)
);
-- --------------------------------------------------------

--
-- è³‡æ–™è¡¨çµæ§‹ `omt_orderticket`
--

CREATE TABLE IF NOT EXISTS `omt_orderticket` (
  `ot_id` int(11) NOT NULL AUTO_INCREMENT,
  `s_id` int(11) NOT NULL,
  `seat` varchar(100) NOT NULL,
  `quantity` int(11) NOT NULL,
  `enable` tinyint(4) NOT NULL,
  `m_id` int(11) NOT NULL,
  `cost` int(11) NOT NULL,
  `order_date` date NOT NULL,
  PRIMARY KEY (`ot_id`)
) ENGINE=InnoDB  DEFAULT CHARSET=utf8 AUTO_INCREMENT=37 ;

--
-- è³‡æ–™è¡¨çš„åŒ¯å‡ºè³‡æ–™ `omt_orderticket`
--

INSERT INTO `omt_orderticket` (`ot_id`, `s_id`, `seat`, `quantity`, `enable`, `m_id`, `cost`, `order_date`) VALUES
(9, 3, 'I5-I6-I7', 3, 1, 2, 540, '2016-03-30'),
(10, 6, 'F5-F6', 2, 1, 1, 360, '2016-03-30'),
(23, 0, '2', 2, 2, 0, 2, '0000-00-00'),
(24, 2, 'H3-H4', 2, 1, 12, 360, '2016-04-26'),
(25, 11, 'D4-D5-D6-D3', 4, 1, 1, 800, '2016-04-26'),
(26, 3, 'A5-B5-C5', 3, 1, 1, 540, '2016-04-29'),
(27, 1, 'A', 2, 1, 1, 200, '2016-05-05'),
(28, 20, 'A5', 2, 1, 12, 0, '2016-01-14'),
(29, 20, 'A2', 1, 1, 12, 0, '2016-01-01'),
(30, 25, 'BB', 1, 1, 2, 0, '2016-01-14'),
(31, 1, '1', 0, 1, 1, 1, '0000-00-00'),
(32, 1, 'A1-A2-A3', 4, 1, 1, 720, '0000-00-00'),
(34, 1, 'A1-A2', 2, 2, 2, 0, '0000-00-00'),
(35, 1, 'A1-A2', 2, 1, 2, 360, '2016-05-15'),
(36, 2, 'B1-B2', 2, 1, 2, 360, '2016-05-15');

-- --------------------------------------------------------

--
-- æ›¿æ›æª¢è¦–è¡¨ä»¥ä¾¿æŸ¥çœ‹ `omt_orderticketview`
--
CREATE TABLE IF NOT EXISTS `omt_orderticketview` (
`seat` varchar(100)
,`quantity` int(11)
,`enable` tinyint(4)
,`cost` int(11)
,`order_date` date
,`name` varchar(10)
,`birthday` date
,`phone` varchar(20)
,`ot_id` int(11)
,`email` varchar(20)
,`time` time
,`mo_id` int(11)
,`date` date
,`hall` varchar(20)
,`s_id` int(11)
,`m_id` int(11)
,`t_id` int(11)
,`theater_name` varchar(20)
,`movie_name` varchar(20)
,`movie_type` varchar(20)
,`synopsis` varchar(255)
,`video` varchar(255)
,`film_length` int(11)
,`start_date` date
,`end_date` date
,`grade` int(11)
,`film_type` int(11)
,`price` int(11)
);
-- --------------------------------------------------------

--
-- è³‡æ–™è¡¨çµæ§‹ `omt_session`
--

CREATE TABLE IF NOT EXISTS `omt_session` (
  `s_id` int(11) NOT NULL AUTO_INCREMENT,
  `t_id` int(11) NOT NULL,
  `time` time NOT NULL,
  `mo_id` int(11) NOT NULL,
  `date` date NOT NULL,
  `hall` varchar(20) NOT NULL,
  PRIMARY KEY (`s_id`)
) ENGINE=InnoDB  DEFAULT CHARSET=utf8 AUTO_INCREMENT=52 ;

--
-- è³‡æ–™è¡¨çš„åŒ¯å‡ºè³‡æ–™ `omt_session`
--

INSERT INTO `omt_session` (`s_id`, `t_id`, `time`, `mo_id`, `date`, `hall`) VALUES
(1, 1, '10:20:00', 1, '2016-03-30', 'A'),
(2, 1, '15:10:00', 1, '2016-03-30', 'A'),
(3, 1, '19:00:00', 1, '2016-03-30', 'A'),
(4, 1, '10:30:00', 2, '2016-03-30', 'A'),
(5, 1, '15:00:00', 2, '2016-03-30', 'A'),
(6, 1, '18:50:00', 2, '2016-03-30', 'A'),
(7, 1, '11:00:00', 3, '2016-03-30', 'A'),
(8, 1, '15:30:00', 3, '2016-03-30', 'A'),
(9, 1, '19:20:00', 3, '2016-03-30', 'A'),
(10, 2, '10:00:00', 1, '2016-03-30', 'A'),
(11, 2, '15:30:00', 1, '2016-03-30', 'A'),
(12, 2, '19:00:00', 1, '2016-03-30', 'A'),
(13, 2, '10:30:00', 2, '2016-03-30', 'A'),
(14, 2, '15:00:00', 2, '2016-03-30', 'A'),
(15, 2, '18:30:00', 2, '2016-03-30', 'A'),
(16, 2, '11:00:00', 4, '2016-03-30', 'A'),
(17, 2, '15:30:00', 4, '2016-03-30', 'A'),
(18, 2, '19:00:00', 4, '2016-03-30', 'A'),
(19, 3, '11:00:00', 2, '2016-03-30', 'A'),
(20, 3, '15:20:00', 2, '2016-03-30', 'A'),
(21, 3, '10:30:00', 3, '2016-03-30', 'A'),
(22, 3, '15:00:00', 3, '2016-03-30', 'A'),
(23, 3, '18:30:00', 3, '2016-03-30', 'A'),
(24, 3, '11:00:00', 4, '2016-03-30', 'A'),
(25, 3, '15:30:00', 4, '2016-03-30', 'A'),
(26, 3, '19:30:00', 4, '2015-11-01', 'A'),
(27, 1, '10:20:00', 1, '2015-11-01', 'A'),
(28, 1, '15:10:00', 1, '2015-11-01', 'A'),
(29, 1, '19:00:00', 1, '2015-11-01', 'A'),
(30, 1, '10:30:00', 2, '2015-11-01', 'A'),
(31, 1, '15:00:00', 2, '2015-11-01', 'A'),
(32, 1, '18:50:00', 2, '2015-11-01', 'A'),
(33, 1, '11:00:00', 3, '2015-11-01', 'A'),
(34, 1, '19:20:00', 3, '2015-11-01', 'A'),
(35, 2, '10:00:00', 1, '2015-11-01', 'A'),
(36, 2, '15:30:00', 1, '2015-11-01', 'A'),
(37, 2, '10:30:00', 2, '2015-11-01', 'A'),
(38, 2, '15:00:00', 2, '2015-11-01', 'A'),
(39, 2, '18:30:00', 2, '2015-11-01', 'A'),
(40, 2, '11:00:00', 4, '2015-11-01', 'A'),
(41, 2, '15:30:00', 4, '2015-11-01', 'A'),
(42, 2, '19:00:00', 4, '2015-11-01', 'A'),
(43, 3, '10:00:00', 2, '2015-11-01', 'A'),
(44, 3, '15:30:00', 2, '2015-11-01', 'A'),
(45, 3, '19:00:00', 2, '2015-11-01', 'A'),
(46, 3, '10:30:00', 3, '2015-11-01', 'A'),
(47, 3, '15:00:00', 3, '2015-11-01', 'A'),
(48, 3, '18:50:00', 3, '2015-11-01', 'A'),
(49, 3, '11:00:00', 4, '2015-11-01', 'A'),
(50, 3, '15:30:00', 4, '2015-11-01', 'A'),
(51, 0, '00:00:00', 0, '0000-00-00', '');

-- --------------------------------------------------------

--
-- æ›¿æ›æª¢è¦–è¡¨ä»¥ä¾¿æŸ¥çœ‹ `omt_sessionview`
--
CREATE TABLE IF NOT EXISTS `omt_sessionview` (
`t_id` int(11)
,`time` time
,`mo_id` int(11)
,`date` date
,`hall` varchar(20)
,`s_id` int(11)
,`theater_name` varchar(20)
,`address` varchar(255)
,`description` varchar(255)
,`movie_name` varchar(20)
,`movie_type` varchar(20)
,`synopsis` varchar(255)
,`video` varchar(255)
,`film_length` int(11)
,`start_date` date
,`end_date` date
,`grade` int(11)
,`film_type` int(11)
,`price` int(11)
);
-- --------------------------------------------------------

--
-- è³‡æ–™è¡¨çµæ§‹ `omt_theater`
--

CREATE TABLE IF NOT EXISTS `omt_theater` (
  `t_id` int(11) NOT NULL AUTO_INCREMENT,
  `theater_name` varchar(20) NOT NULL,
  `address` varchar(255) NOT NULL,
  `description` varchar(255) NOT NULL,
  PRIMARY KEY (`t_id`)
) ENGINE=InnoDB  DEFAULT CHARSET=utf8 AUTO_INCREMENT=4 ;

--
-- è³‡æ–™è¡¨çš„åŒ¯å‡ºè³‡æ–™ `omt_theater`
--

INSERT INTO `omt_theater` (`t_id`, `theater_name`, `address`, `description`) VALUES
(1, 'å°ä¸­å¤§é ç™¾å¨ç§€å½±åŸ', 'å°ä¸­å¸‚è¥¿å±¯å€å°ä¸­æ¸¯è·¯äºŒæ®µ105è™Ÿ13æ¨“', 'å¨ç§€å½±åŸåœ˜éšŠåœ¨å°ä¸­å¤§é ç™¾å¨ç§€å½±åŸï¼Œæ–¥è³‡é‡é‡‘æ‰“é€ æ•¸ä½IMAXå½±å»³ï¼Œå°‡å¸¶çµ¦å½±è¿·å€‘æœ€ç„¡ä»¥å€«æ¯”çš„è§€å½±é«”é©—ï¼Œè®“å°ä¸­å¸‚çš„å½±è¿·æ„Ÿå—åœ‹éš›ç´šä¸€æµé›»å½±å“è³ªï¼Œçµ•å°èƒ½æ»¿è¶³æ¯ä¸€ä½å°è¦–è½å“è³ªè¶…å …æŒçš„ç™¼ç‡’å‹ï¼ å°ä¸­å¤§é ç™¾å¨ç§€æ•¸ä½IMAXå½±å»³ï¼Œé‚€æ‚¨è¦ªè‡ªæ„Ÿå—èº«æ­·å…¶å¢ƒèˆ¬çš„éœ‡æ’¼æ•ˆæœï¼'),
(2, 'å°ä¸­æ–°æ™‚ä»£å¨ç§€å½±åŸ', 'å°ä¸­å¸‚æ±å€å¾©èˆˆè·¯å››æ®µ186è™Ÿ4-5æ¨“', 'å°ä¸­æ–°æ™‚ä»£å¨ç§€å½±åŸå…§è¨­æœ‰è¼•é£Ÿå§ï¼Œæä¾›è§€å½±æ°‘çœ¾ç¾å‘³ä¾¿åˆ©çš„ç¾å¼é£Ÿç‰©èˆ‡é£²å“ï¼›çµåˆç²¾å¿ƒè¨­è¨ˆçš„å®¤å…§è¦åŠƒåŠé€ æ™¯ï¼Œè®“ä¾†åˆ°å°ä¸­æ–°æ™‚ä»£å¨ç§€å½±åŸçš„è§€çœ¾çŒ¶å¦‚ç½®èº«æ–¼é›»å½±ä¸–ç•Œä¸­ï¼Œå……åˆ†æ”¾é¬†ã€ç›¡æƒ…äº«å—ç¾å¼ä¼‘é–’å¨›æ¨‚çš„ç²¾é«“ã€‚'),
(3, 'å°ä¸­æ–°å…‰å½±åŸ', 'å°ä¸­å¸‚è¥¿å±¯å€å°ç£å¤§é“ä¸‰æ®µ301è™Ÿ13æ¨“', 'å°ä¸­æ–°å…‰å½±åŸä½æ–¼è‡ºç£å¤§é“æ—æ–°å…‰ä¸‰è¶Šå°ä¸­ä¸­æ¸¯åº—ä¹‹é ‚éƒ¨æ¨“å±¤13è‡³14æ¨“ï¼Œå”®ç¥¨äº­è¨­æ–¼ç™¾è²¨æ­£é–€å³å´èˆ‡13æ¨“å½±åŸå¤§å»³ã€‚\nå°ä¸­æ–°å…‰å½±åŸæ¡ç”¨æœæ¯”SRD.DTS.åŠSONYæœ€æ–°ç©çš„SDDS8è²é“éŸ³éŸ¿ï¼Œå¦æœ‰JBLæˆ²é™¢å°ˆç”¨ä¸‰éŸ³è·¯æšè²å™¨åŠQSCæ•¸ä½æ“´å¤§æ©Ÿã€‚');

-- --------------------------------------------------------

--
-- è³‡æ–™è¡¨çµæ§‹ `omt_ticketprice`
--

CREATE TABLE IF NOT EXISTS `omt_ticketprice` (
  `tp_id` int(11) NOT NULL AUTO_INCREMENT,
  `t_id` int(11) NOT NULL,
  `type` int(11) NOT NULL,
  `price` int(11) NOT NULL,
  `mo_id` int(11) NOT NULL,
  PRIMARY KEY (`tp_id`)
) ENGINE=InnoDB  DEFAULT CHARSET=utf8 AUTO_INCREMENT=10 ;

--
-- è³‡æ–™è¡¨çš„åŒ¯å‡ºè³‡æ–™ `omt_ticketprice`
--

INSERT INTO `omt_ticketprice` (`tp_id`, `t_id`, `type`, `price`, `mo_id`) VALUES
(1, 1, 1, 180, 1),
(2, 1, 1, 180, 2),
(3, 1, 1, 180, 3),
(4, 2, 1, 200, 1),
(5, 2, 1, 200, 2),
(6, 2, 1, 200, 4),
(7, 3, 1, 230, 2),
(8, 3, 1, 230, 4),
(9, 3, 1, 230, 3);

-- --------------------------------------------------------

--
-- æ›¿æ›æª¢è¦–è¡¨ä»¥ä¾¿æŸ¥çœ‹ `omt_ticketpriceview`
--
CREATE TABLE IF NOT EXISTS `omt_ticketpriceview` (
`t_id` int(11)
,`type` int(11)
,`price` int(11)
,`mo_id` int(11)
,`theater_name` varchar(20)
,`address` varchar(255)
,`description` varchar(255)
,`movie_name` varchar(20)
,`movie_type` varchar(20)
,`synopsis` varchar(255)
,`video` varchar(255)
,`film_length` int(11)
,`start_date` date
,`end_date` date
,`grade` int(11)
,`film_type` int(11)
,`tp_id` int(11)
);
-- --------------------------------------------------------

--
-- æª¢è¦–è¡¨çµæ§‹ `omt_discountview`
--
DROP TABLE IF EXISTS `omt_discountview`;

CREATE ALGORITHM=UNDEFINED DEFINER=`root`@`localhost` SQL SECURITY DEFINER VIEW `omt_discountview` AS select `omt_discount`.`start_date` AS `start_date`,`omt_discount`.`end_date` AS `end_date`,`omt_discount`.`discount` AS `discount`,`omt_member`.`email` AS `email`,`omt_member`.`password` AS `password`,`omt_member`.`name` AS `name`,`omt_member`.`birthday` AS `birthday`,`omt_member`.`phone` AS `phone`,`omt_member`.`cash` AS `cash`,`omt_member`.`build_date` AS `build_date`,`omt_member`.`uid` AS `uid`,`omt_discount`.`m_id` AS `m_id`,`omt_discount`.`d_id` AS `d_id`,`omt_discount`.`enable` AS `enable`,`omt_discount`.`type_name` AS `type_name` from (`omt_discount` join `omt_member` on((`omt_discount`.`m_id` = `omt_member`.`m_id`)));

-- --------------------------------------------------------

--
-- æª¢è¦–è¡¨çµæ§‹ `omt_moviegradeview`
--
DROP TABLE IF EXISTS `omt_moviegradeview`;

CREATE ALGORITHM=UNDEFINED DEFINER=`root`@`localhost` SQL SECURITY DEFINER VIEW `omt_moviegradeview` AS select `omt_moviegrade`.`mg_id` AS `mg_id`,`omt_moviegrade`.`m_id` AS `m_id`,`omt_moviegrade`.`mo_id` AS `mo_id`,`omt_moviegrade`.`grade` AS `grade`,`omt_movie`.`movie_name` AS `movie_name`,`omt_movie`.`movie_type` AS `movie_type`,`omt_movie`.`synopsis` AS `synopsis`,`omt_movie`.`video` AS `video`,`omt_movie`.`film_length` AS `film_length`,`omt_movie`.`start_date` AS `start_date`,`omt_movie`.`end_date` AS `end_date`,`omt_movie`.`film_type` AS `film_type`,`omt_member`.`email` AS `email`,`omt_member`.`password` AS `password`,`omt_member`.`name` AS `name`,`omt_member`.`birthday` AS `birthday`,`omt_member`.`phone` AS `phone`,`omt_member`.`cash` AS `cash`,`omt_member`.`build_date` AS `build_date`,`omt_member`.`uid` AS `uid`,`omt_moviegrade`.`grade_date` AS `grade_date` from ((`omt_moviegrade` join `omt_movie` on((`omt_moviegrade`.`mo_id` = `omt_movie`.`mo_id`))) join `omt_member` on((`omt_moviegrade`.`m_id` = `omt_member`.`m_id`)));

-- --------------------------------------------------------

--
-- æª¢è¦–è¡¨çµæ§‹ `omt_orderfoodview`
--
DROP TABLE IF EXISTS `omt_orderfoodview`;

CREATE ALGORITHM=UNDEFINED DEFINER=`root`@`localhost` SQL SECURITY DEFINER VIEW `omt_orderfoodview` AS select `omt_orderfood`.`of_id` AS `of_id`,`omt_orderfood`.`food_name` AS `food_name`,`omt_orderfood`.`food_quantity` AS `food_quantity`,`omt_orderfood`.`food_cost` AS `food_cost`,`omt_orderfood`.`food_orderdate` AS `food_orderdate`,`omt_orderfood`.`food_size` AS `food_size`,`omt_orderfood`.`ot_id` AS `ot_id`,`omt_orderticket`.`s_id` AS `s_id`,`omt_orderticket`.`seat` AS `seat`,`omt_orderticket`.`quantity` AS `quantity`,`omt_orderticket`.`enable` AS `enable`,`omt_orderticket`.`m_id` AS `m_id`,`omt_orderticket`.`cost` AS `cost`,`omt_orderticket`.`order_date` AS `order_date`,`omt_member`.`email` AS `email`,`omt_member`.`password` AS `password`,`omt_member`.`name` AS `name`,`omt_member`.`birthday` AS `birthday`,`omt_member`.`phone` AS `phone`,`omt_member`.`cash` AS `cash`,`omt_member`.`build_date` AS `build_date`,`omt_member`.`uid` AS `uid`,`omt_session`.`t_id` AS `t_id`,`omt_session`.`time` AS `time`,`omt_session`.`mo_id` AS `mo_id`,`omt_session`.`date` AS `date`,`omt_session`.`hall` AS `hall`,`omt_theater`.`theater_name` AS `theater_name`,`omt_theater`.`address` AS `address`,`omt_theater`.`description` AS `description`,`omt_movie`.`movie_name` AS `movie_name`,`omt_movie`.`movie_type` AS `movie_type`,`omt_movie`.`synopsis` AS `synopsis`,`omt_movie`.`video` AS `video`,`omt_movie`.`film_length` AS `film_length`,`omt_movie`.`start_date` AS `start_date`,`omt_movie`.`end_date` AS `end_date`,`omt_movie`.`grade` AS `grade`,`omt_movie`.`film_type` AS `film_type`,`omt_orderfood`.`f_id` AS `f_id`,`omt_food`.`food` AS `food`,`omt_food`.`type` AS `type`,`omt_food`.`price` AS `price`,`omt_food`.`size` AS `size`,`omt_food`.`type_name` AS `type_name` from ((((((`omt_orderfood` join `omt_orderticket` on((`omt_orderfood`.`ot_id` = `omt_orderticket`.`ot_id`))) join `omt_member` on((`omt_orderticket`.`m_id` = `omt_member`.`m_id`))) join `omt_session` on((`omt_orderticket`.`s_id` = `omt_session`.`s_id`))) join `omt_theater` on((`omt_session`.`t_id` = `omt_theater`.`t_id`))) join `omt_movie` on((`omt_session`.`mo_id` = `omt_movie`.`mo_id`))) join `omt_food` on((`omt_orderfood`.`f_id` = `omt_food`.`f_id`)));

-- --------------------------------------------------------

--
-- æª¢è¦–è¡¨çµæ§‹ `omt_orderticketview`
--
DROP TABLE IF EXISTS `omt_orderticketview`;

CREATE ALGORITHM=UNDEFINED DEFINER=`root`@`localhost` SQL SECURITY DEFINER VIEW `omt_orderticketview` AS select `omt_orderticket`.`seat` AS `seat`,`omt_orderticket`.`quantity` AS `quantity`,`omt_orderticket`.`enable` AS `enable`,`omt_orderticket`.`cost` AS `cost`,`omt_orderticket`.`order_date` AS `order_date`,`omt_member`.`name` AS `name`,`omt_member`.`birthday` AS `birthday`,`omt_member`.`phone` AS `phone`,`omt_orderticket`.`ot_id` AS `ot_id`,`omt_member`.`email` AS `email`,`omt_session`.`time` AS `time`,`omt_session`.`mo_id` AS `mo_id`,`omt_session`.`date` AS `date`,`omt_session`.`hall` AS `hall`,`omt_orderticket`.`s_id` AS `s_id`,`omt_orderticket`.`m_id` AS `m_id`,`omt_session`.`t_id` AS `t_id`,`omt_theater`.`theater_name` AS `theater_name`,`omt_movie`.`movie_name` AS `movie_name`,`omt_movie`.`movie_type` AS `movie_type`,`omt_movie`.`synopsis` AS `synopsis`,`omt_movie`.`video` AS `video`,`omt_movie`.`film_length` AS `film_length`,`omt_movie`.`start_date` AS `start_date`,`omt_movie`.`end_date` AS `end_date`,`omt_movie`.`grade` AS `grade`,`omt_movie`.`film_type` AS `film_type`,`omt_ticketprice`.`price` AS `price` from (((((`omt_orderticket` join `omt_member` on((`omt_orderticket`.`m_id` = `omt_member`.`m_id`))) join `omt_session` on((`omt_orderticket`.`s_id` = `omt_session`.`s_id`))) join `omt_theater` on((`omt_session`.`t_id` = `omt_theater`.`t_id`))) join `omt_movie` on((`omt_session`.`mo_id` = `omt_movie`.`mo_id`))) join `omt_ticketprice` on(((`omt_theater`.`t_id` = `omt_ticketprice`.`t_id`) and (`omt_session`.`mo_id` = `omt_ticketprice`.`mo_id`))));

-- --------------------------------------------------------

--
-- æª¢è¦–è¡¨çµæ§‹ `omt_sessionview`
--
DROP TABLE IF EXISTS `omt_sessionview`;

CREATE ALGORITHM=UNDEFINED DEFINER=`root`@`localhost` SQL SECURITY DEFINER VIEW `omt_sessionview` AS select `omt_session`.`t_id` AS `t_id`,`omt_session`.`time` AS `time`,`omt_session`.`mo_id` AS `mo_id`,`omt_session`.`date` AS `date`,`omt_session`.`hall` AS `hall`,`omt_session`.`s_id` AS `s_id`,`omt_theater`.`theater_name` AS `theater_name`,`omt_theater`.`address` AS `address`,`omt_theater`.`description` AS `description`,`omt_movie`.`movie_name` AS `movie_name`,`omt_movie`.`movie_type` AS `movie_type`,`omt_movie`.`synopsis` AS `synopsis`,`omt_movie`.`video` AS `video`,`omt_movie`.`film_length` AS `film_length`,`omt_movie`.`start_date` AS `start_date`,`omt_movie`.`end_date` AS `end_date`,`omt_movie`.`grade` AS `grade`,`omt_movie`.`film_type` AS `film_type`,`omt_ticketprice`.`price` AS `price` from (((`omt_session` join `omt_theater` on((`omt_session`.`t_id` = `omt_theater`.`t_id`))) join `omt_movie` on((`omt_session`.`mo_id` = `omt_movie`.`mo_id`))) join `omt_ticketprice` on(((`omt_session`.`t_id` = `omt_ticketprice`.`t_id`) and (`omt_session`.`mo_id` = `omt_ticketprice`.`mo_id`))));

-- --------------------------------------------------------

--
-- æª¢è¦–è¡¨çµæ§‹ `omt_ticketpriceview`
--
DROP TABLE IF EXISTS `omt_ticketpriceview`;

CREATE ALGORITHM=UNDEFINED DEFINER=`root`@`localhost` SQL SECURITY DEFINER VIEW `omt_ticketpriceview` AS select `omt_ticketprice`.`t_id` AS `t_id`,`omt_ticketprice`.`type` AS `type`,`omt_ticketprice`.`price` AS `price`,`omt_ticketprice`.`mo_id` AS `mo_id`,`omt_theater`.`theater_name` AS `theater_name`,`omt_theater`.`address` AS `address`,`omt_theater`.`description` AS `description`,`omt_movie`.`movie_name` AS `movie_name`,`omt_movie`.`movie_type` AS `movie_type`,`omt_movie`.`synopsis` AS `synopsis`,`omt_movie`.`video` AS `video`,`omt_movie`.`film_length` AS `film_length`,`omt_movie`.`start_date` AS `start_date`,`omt_movie`.`end_date` AS `end_date`,`omt_movie`.`grade` AS `grade`,`omt_movie`.`film_type` AS `film_type`,`omt_ticketprice`.`tp_id` AS `tp_id` from ((`omt_ticketprice` join `omt_theater` on((`omt_ticketprice`.`t_id` = `omt_theater`.`t_id`))) join `omt_movie` on((`omt_ticketprice`.`mo_id` = `omt_movie`.`mo_id`)));

/*!40101 SET CHARACTER_SET_CLIENT=@OLD_CHARACTER_SET_CLIENT */;
/*!40101 SET CHARACTER_SET_RESULTS=@OLD_CHARACTER_SET_RESULTS */;
/*!40101 SET COLLATION_CONNECTION=@OLD_COLLATION_CONNECTION */;
